{"cameraMode":{"drawMode":2,"name":"Shaded Wireframe","section":"Shading Mode"},"sceneLighting":false,"audioPlay":false,"sceneViewState":{"showFog":true,"showMaterialUpdate":true,"showSkybox":true,"showFlares":true,"showImageEffects":true,"showParticleSystems":true},"in2DMode":false,"pivot":{"x":0.584236204624176,"y":2.3148128986358644,"z":1.3091353178024293},"rotation":{"x":0.23429660499095918,"y":0.1638544201850891,"z":-0.04009801521897316,"w":0.957417905330658},"size":6.688784122467041,"orthographic":true}